{
  "image": {
    "owl": ["src/assets/images/owl.png", {
      "type": "scale",
      "width": 240,
      "height": 280,
      "detectDesktop": false
    }],
    "background": ["src/assets/images/black_bg.png", {
      "type": "scale",
      "width": 800,
      "height": 600,
      "detectDesktop": false
    }],
    "void": ["src/assets/images/void_circle.png", {
      "type": "scale",
      "width": 24,
      "height": 24,
      "detectDesktop": false
    }],
    "mask": ["src/assets/images/owl.png", {
      "type": "scale",
      "width": 24,
      "height": 24,
      "detectDesktop": false
    }]
  },
  "audio": {
    "bg_music": "src/assets/audio/dark_fog.mp3",
    "owl_hoot": "src/assets/audio/owlhoot.mp3"
  },
  "spritesheet": {
    "pattern_1": ["src/assets/images/patterns/pattern1.png", {"frameWidth": 120,"frameHeight": 120}],
    "pattern_2": ["src/assets/images/patterns/pattern2.png", {"frameWidth": 120,"frameHeight": 120}],
    "pattern_3": ["src/assets/images/patterns/pattern3.png", {"frameWidth": 120,"frameHeight": 120}],
    "pattern_4": ["src/assets/images/patterns/pattern4.png", {"frameWidth": 120,"frameHeight": 120}],
    "pattern_5": ["src/assets/images/patterns/pattern5.png", {"frameWidth": 120,"frameHeight": 120}],
    "pattern_6": ["src/assets/images/patterns/pattern6.png", {"frameWidth": 120,"frameHeight": 120}],
    "pattern_7": ["src/assets/images/patterns/pattern7.png", {"frameWidth": 120,"frameHeight": 120}],
    "pattern_8": ["src/assets/images/patterns/pattern8.png", {"frameWidth": 120,"frameHeight": 120}],
    "pattern_9": ["src/assets/images/patterns/pattern9.png", {"frameWidth": 120,"frameHeight": 120}],
    "pattern_10": ["src/assets/images/patterns/pattern10.png", {"frameWidth": 120,"frameHeight": 120}],
    "pattern_11": ["src/assets/images/patterns/pattern11.png", {"frameWidth": 120,"frameHeight": 120}],
    "pattern_12": ["src/assets/images/patterns/pattern12.png", {"frameWidth": 120,"frameHeight": 120}],
    "pattern_13": ["src/assets/images/patterns/pattern13.png", {"frameWidth": 120,"frameHeight": 120}],
    "pattern_14": ["src/assets/images/patterns/pattern14.png", {"frameWidth": 120,"frameHeight": 120}],
    "pattern_15": ["src/assets/images/patterns/pattern15.png", {"frameWidth": 120,"frameHeight": 120}],
    "pattern_16": ["src/assets/images/patterns/pattern16.png", {"frameWidth": 120,"frameHeight": 120}],
    "pattern_17": ["src/assets/images/patterns/pattern17.png", {"frameWidth": 120,"frameHeight": 120}],
    "pattern_18": ["src/assets/images/patterns/pattern18.png", {"frameWidth": 120,"frameHeight": 120}],
    "pattern_19": ["src/assets/images/patterns/pattern19.png", {"frameWidth": 120,"frameHeight": 120}],
    "pattern_20": ["src/assets/images/patterns/pattern20.png", {"frameWidth": 120,"frameHeight": 120}],
    "pattern_21": ["src/assets/images/patterns/pattern21.png", {"frameWidth": 120,"frameHeight": 120}],
    "pattern_22": ["src/assets/images/patterns/pattern22.png", {"frameWidth": 120,"frameHeight": 120}],
    "pattern_23": ["src/assets/images/patterns/pattern23.png", {"frameWidth": 120,"frameHeight": 120}],
    "pattern_24": ["src/assets/images/patterns/pattern24.png", {"frameWidth": 120,"frameHeight": 120}],
    "pattern_25": ["src/assets/images/patterns/pattern25.png", {"frameWidth": 120,"frameHeight": 120}],
    "pattern_26": ["src/assets/images/patterns/pattern26.png", {"frameWidth": 120,"frameHeight": 120}],
    "pattern_27": ["src/assets/images/patterns/pattern27.png", {"frameWidth": 120,"frameHeight": 120}],
    "pattern_28": ["src/assets/images/patterns/pattern28.png", {"frameWidth": 120,"frameHeight": 120}],
    "pattern_29": ["src/assets/images/patterns/pattern29.png", {"frameWidth": 120,"frameHeight": 120}],
    "pattern_30": ["src/assets/images/patterns/pattern30.png", {"frameWidth": 120,"frameHeight": 120}]
  }
}